model,roc_auc_mean,roc_auc_std
Logit,0.6499779663746919,0.017895509489703823
GBM,0.6336467526970483,0.020710430430232032
RF,0.6032625308075703,0.0172318111599869
